Sport,Booking_Date,Day_of_Week,Is_Weekend,Start_Hour,Duration_Hours,Number_of_Players,Court_Type,Equipment_Rental,Booking_Price
Basketball,2026-07-09,Thursday,0,6,3,6,Indoor,Yes,2466.38
Pickleball,2026-07-08,Wednesday,0,8,3,3,Indoor,Yes,1417.15
Cricket,2026-07-22,Wednesday,0,13,3,15,Indoor,Yes,4607.35
Basketball,2026-09-16,Wednesday,0,19,1,7,Outdoor,Yes,1115.94
Pickleball,2026-09-22,Tuesday,0,19,2,3,Indoor,Yes,1120.43
Badminton,2026-07-08,Wednesday,0,8,2,2,Outdoor,No,788.76
Tennis,2026-07-28,Tuesday,0,7,3,3,Indoor,No,2556.25
Cricket,2026-09-03,Thursday,0,15,3,15,Outdoor,Yes,4262.64
Basketball,2026-07-03,Friday,0,7,3,5,Outdoor,Yes,2113.73
Pickleball,2026-07-07,Tuesday,0,18,2,3,Outdoor,Yes,1083.15
Badminton,2026-08-09,Sunday,1,12,3,3,Indoor,Yes,1710.09
Tennis,2026-07-26,Sunday,1,11,2,3,Outdoor,Yes,1803.16
Basketball,2026-08-05,Wednesday,0,7,1,10,Indoor,No,928.28
Football,2026-07-29,Wednesday,0,8,1,15,Outdoor,Yes,1394.2
Basketball,2026-08-27,Thursday,0,18,3,7,Indoor,No,2323.52
Pickleball,2026-07-26,Sunday,1,14,3,4,Outdoor,No,1370.16
Badminton,2026-07-23,Thursday,0,10,3,3,Indoor,Yes,1404.15
Cricket,2026-07-14,Tuesday,0,11,3,12,Indoor,No,4289.38
Football,2026-09-09,Wednesday,0,19,3,10,Indoor,Yes,4278.0
Basketball,2026-09-01,Tuesday,0,14,3,6,Indoor,No,2054.76
Football,2026-07-15,Wednesday,0,20,1,10,Indoor,Yes,1894.65
Basketball,2026-08-02,Sunday,1,19,3,5,Indoor,No,2993.98
Pickleball,2026-09-02,Wednesday,0,21,1,4,Outdoor,No,488.97
Cricket,2026-07-09,Thursday,0,17,2,9,Indoor,Yes,3073.69
Tennis,2026-07-05,Sunday,1,8,3,3,Indoor,Yes,2850.74
Pickleball,2026-09-17,Thursday,0,19,3,2,Outdoor,No,1319.73
Pickleball,2026-09-02,Wednesday,0,12,3,3,Outdoor,No,1084.55
Football,2026-08-30,Sunday,1,20,1,9,Indoor,Yes,2039.77
Badminton,2026-06-27,Saturday,1,13,3,2,Indoor,Yes,1671.51
Basketball,2026-09-13,Sunday,1,7,1,4,Indoor,No,892.11
Cricket,2026-08-29,Saturday,1,13,2,16,Outdoor,Yes,3257.97
Tennis,2026-07-11,Saturday,1,21,1,3,Outdoor,Yes,1267.81
Cricket,2026-07-07,Tuesday,0,19,2,12,Outdoor,No,3007.56
Basketball,2026-07-01,Wednesday,0,9,1,7,Outdoor,Yes,866.3
Pickleball,2026-07-19,Sunday,1,12,3,3,Indoor,No,1605.3
Pickleball,2026-07-30,Thursday,0,20,1,2,Outdoor,Yes,544.0
Cricket,2026-09-16,Wednesday,0,6,1,9,Indoor,No,1513.74
Football,2026-08-25,Tuesday,0,12,2,6,Indoor,No,2223.7
Cricket,2026-08-13,Thursday,0,14,2,10,Outdoor,No,2392.8
Pickleball,2026-07-19,Sunday,1,15,1,2,Indoor,No,507.52
Cricket,2026-07-01,Wednesday,0,19,3,14,Indoor,Yes,5225.72
Tennis,2026-07-05,Sunday,1,11,1,4,Indoor,Yes,1135.56
Football,2026-07-10,Friday,0,13,3,15,Indoor,Yes,4076.52
Football,2026-09-17,Thursday,0,20,2,10,Indoor,No,2929.11
Pickleball,2026-07-28,Tuesday,0,18,1,4,Outdoor,No,443.8
Badminton,2026-07-04,Saturday,1,6,2,4,Indoor,Yes,1201.75
Tennis,2026-07-22,Wednesday,0,20,2,2,Outdoor,Yes,1711.36
Pickleball,2026-08-11,Tuesday,0,15,1,3,Outdoor,Yes,590.2
Basketball,2026-09-03,Thursday,0,15,3,4,Indoor,No,2240.25
Cricket,2026-07-08,Wednesday,0,10,2,10,Indoor,No,2539.58
Pickleball,2026-09-20,Sunday,1,14,3,3,Outdoor,Yes,1573.0
Cricket,2026-09-14,Monday,0,19,2,6,Indoor,No,3063.54
Pickleball,2026-09-14,Monday,0,14,1,4,Outdoor,No,412.54
Tennis,2026-06-26,Friday,0,9,1,4,Indoor,Yes,1005.6
Badminton,2026-09-07,Monday,0,10,2,2,Indoor,No,934.44
Badminton,2026-06-30,Tuesday,0,17,1,4,Indoor,Yes,675.76
Badminton,2026-09-04,Friday,0,19,3,4,Indoor,Yes,1631.49
Pickleball,2026-07-17,Friday,0,19,1,2,Outdoor,No,428.89
Basketball,2026-07-26,Sunday,1,14,1,10,Indoor,No,1079.03
Cricket,2026-08-24,Monday,0,13,1,13,Outdoor,No,1561.34
Pickleball,2026-07-23,Thursday,0,6,3,2,Outdoor,No,1107.22
Badminton,2026-07-03,Friday,0,14,2,4,Outdoor,No,840.53
Cricket,2026-07-09,Thursday,0,14,1,15,Outdoor,Yes,1563.81
Cricket,2026-09-09,Wednesday,0,19,2,11,Outdoor,Yes,2909.99
Football,2026-09-06,Sunday,1,12,2,6,Outdoor,Yes,3030.89
Tennis,2026-09-01,Tuesday,0,12,2,3,Indoor,No,1692.35
Tennis,2026-08-04,Tuesday,0,9,3,3,Outdoor,No,2115.82
Badminton,2026-08-15,Saturday,1,15,3,2,Indoor,No,1679.38
Basketball,2026-08-12,Wednesday,0,11,3,8,Outdoor,No,2145.57
Tennis,2026-06-25,Thursday,0,15,2,2,Outdoor,No,1345.81
Football,2026-08-20,Thursday,0,19,3,9,Outdoor,Yes,4209.34
Basketball,2026-07-05,Sunday,1,15,3,9,Outdoor,Yes,2910.93
Pickleball,2026-09-19,Saturday,1,15,1,2,Indoor,Yes,650.2
Cricket,2026-07-26,Sunday,1,19,3,7,Outdoor,No,5571.12
Basketball,2026-09-06,Sunday,1,12,3,9,Outdoor,No,2119.68
Football,2026-07-26,Sunday,1,10,3,6,Indoor,No,4675.74
Pickleball,2026-07-17,Friday,0,20,2,2,Indoor,Yes,1117.2
Football,2026-07-12,Sunday,1,19,3,14,Outdoor,No,4766.92
Tennis,2026-08-28,Friday,0,19,3,3,Indoor,No,2696.26
Football,2026-07-28,Tuesday,0,13,3,10,Outdoor,Yes,3214.72
Badminton,2026-08-20,Thursday,0,8,3,3,Indoor,No,1327.27
Badminton,2026-08-04,Tuesday,0,8,1,2,Indoor,No,449.43
Basketball,2026-07-14,Tuesday,0,12,1,7,Outdoor,No,843.72
Tennis,2026-08-23,Sunday,1,19,1,2,Outdoor,No,935.96
Tennis,2026-09-22,Tuesday,0,6,3,3,Outdoor,Yes,2164.64
Badminton,2026-08-02,Sunday,1,18,2,4,Indoor,No,1226.33
Pickleball,2026-07-29,Wednesday,0,19,2,2,Outdoor,No,922.0
Basketball,2026-09-19,Saturday,1,18,3,5,Outdoor,Yes,2973.52
Tennis,2026-09-01,Tuesday,0,6,2,4,Indoor,Yes,1684.69
Basketball,2026-08-18,Tuesday,0,10,2,5,Indoor,No,1551.35
Football,2026-08-05,Wednesday,0,12,2,11,Outdoor,No,2439.12
Badminton,2026-08-17,Monday,0,14,1,3,Indoor,Yes,650.74
Badminton,2026-07-23,Thursday,0,8,3,2,Indoor,Yes,1408.08
Pickleball,2026-06-27,Saturday,1,10,1,2,Outdoor,Yes,594.09
Tennis,2026-07-22,Wednesday,0,19,3,3,Outdoor,Yes,2529.07
Tennis,2026-09-10,Thursday,0,9,1,3,Indoor,Yes,862.02
Badminton,2026-09-06,Sunday,1,18,2,4,Indoor,Yes,1439.53
Tennis,2026-09-21,Monday,0,13,1,4,Outdoor,Yes,914.1
Tennis,2026-06-30,Tuesday,0,17,3,3,Outdoor,Yes,2590.79
Tennis,2026-09-15,Tuesday,0,16,1,3,Outdoor,Yes,862.68
Football,2026-08-10,Monday,0,19,3,8,Outdoor,Yes,3747.24
Basketball,2026-08-30,Sunday,1,14,3,10,Outdoor,No,2475.89
Football,2026-09-08,Tuesday,0,14,2,9,Indoor,No,2541.64
Football,2026-07-26,Sunday,1,19,3,15,Outdoor,No,4644.14
Cricket,2026-08-27,Thursday,0,16,1,13,Indoor,No,1579.56
Badminton,2026-08-07,Friday,0,14,3,4,Outdoor,Yes,1433.94
Tennis,2026-07-19,Sunday,1,8,1,4,Outdoor,No,990.72
Tennis,2026-07-25,Saturday,1,19,3,4,Outdoor,No,2978.88
Cricket,2026-07-06,Monday,0,15,1,12,Indoor,No,1594.26
Basketball,2026-09-07,Monday,0,17,2,8,Outdoor,No,1637.65
Basketball,2026-09-03,Thursday,0,16,2,9,Outdoor,No,1305.19
Badminton,2026-07-27,Monday,0,13,1,4,Indoor,No,489.22
Cricket,2026-09-01,Tuesday,0,11,1,9,Outdoor,No,1379.97
Basketball,2026-09-08,Tuesday,0,19,3,6,Indoor,Yes,3118.27
Badminton,2026-07-24,Friday,0,17,1,3,Indoor,Yes,607.9
Badminton,2026-06-30,Tuesday,0,7,3,3,Indoor,No,1369.33
Cricket,2026-06-26,Friday,0,15,2,13,Outdoor,No,2669.43
Pickleball,2026-07-01,Wednesday,0,14,2,2,Indoor,No,777.38
Football,2026-07-04,Saturday,1,7,1,8,Outdoor,Yes,1731.08
Pickleball,2026-07-10,Friday,0,19,3,4,Indoor,No,1559.42
Football,2026-08-20,Thursday,0,15,3,12,Outdoor,Yes,3875.61
Tennis,2026-07-07,Tuesday,0,12,3,2,Outdoor,Yes,2127.23
Pickleball,2026-07-25,Saturday,1,11,3,2,Indoor,Yes,1794.08
Football,2026-08-21,Friday,0,20,2,6,Indoor,No,2640.51
Basketball,2026-07-31,Friday,0,20,1,9,Indoor,No,1032.36
Basketball,2026-09-08,Tuesday,0,12,2,4,Indoor,Yes,1844.23
Badminton,2026-07-13,Monday,0,8,1,2,Outdoor,No,376.23
Football,2026-07-10,Friday,0,19,3,10,Outdoor,No,3859.26
Tennis,2026-09-02,Wednesday,0,20,2,2,Indoor,No,1781.59
Basketball,2026-08-05,Wednesday,0,14,1,4,Indoor,Yes,887.36
Basketball,2026-07-29,Wednesday,0,7,1,7,Outdoor,No,702.89
Pickleball,2026-09-07,Monday,0,19,3,3,Indoor,No,1473.14
Badminton,2026-08-16,Sunday,1,16,2,4,Indoor,Yes,1175.94
Badminton,2026-08-16,Sunday,1,20,2,4,Outdoor,Yes,1341.05
Football,2026-07-06,Monday,0,16,2,11,Indoor,No,2499.09
Tennis,2026-06-25,Thursday,0,20,2,2,Indoor,No,1935.7
Tennis,2026-08-27,Thursday,0,20,1,2,Outdoor,Yes,910.12
Badminton,2026-08-20,Thursday,0,21,1,2,Indoor,Yes,643.32
Badminton,2026-09-03,Thursday,0,6,3,3,Indoor,Yes,1567.97
Cricket,2026-08-23,Sunday,1,9,3,8,Outdoor,No,4139.88
Tennis,2026-09-23,Wednesday,0,14,2,3,Outdoor,Yes,1596.49
Football,2026-09-03,Thursday,0,10,2,9,Indoor,Yes,2960.29
Badminton,2026-08-17,Monday,0,16,3,3,Indoor,No,1394.18
Basketball,2026-08-02,Sunday,1,21,1,7,Outdoor,No,1033.32
Badminton,2026-09-03,Thursday,0,18,2,3,Indoor,Yes,1205.51
Tennis,2026-08-13,Thursday,0,13,2,2,Outdoor,No,1465.67
Basketball,2026-08-12,Wednesday,0,18,3,10,Indoor,No,2468.83
Cricket,2026-07-11,Saturday,1,19,3,11,Indoor,No,5239.01
Cricket,2026-08-31,Monday,0,20,1,8,Outdoor,Yes,1732.61
Cricket,2026-08-24,Monday,0,14,2,15,Outdoor,Yes,2926.23
Badminton,2026-09-19,Saturday,1,18,2,4,Outdoor,Yes,1323.6
Tennis,2026-07-03,Friday,0,13,3,4,Outdoor,Yes,2347.81
Basketball,2026-07-06,Monday,0,19,1,10,Indoor,No,980.54
Pickleball,2026-09-21,Monday,0,15,1,2,Outdoor,Yes,537.39
Badminton,2026-08-09,Sunday,1,17,2,2,Indoor,No,1235.75
Tennis,2026-09-20,Sunday,1,11,1,2,Indoor,No,884.4
Tennis,2026-09-20,Sunday,1,13,2,4,Indoor,Yes,2277.27
Football,2026-09-14,Monday,0,14,2,10,Indoor,No,2694.49
Badminton,2026-09-19,Saturday,1,11,1,3,Outdoor,No,468.9
Basketball,2026-08-18,Tuesday,0,14,2,10,Outdoor,Yes,1715.0
Football,2026-08-25,Tuesday,0,9,1,12,Outdoor,No,1271.05
Basketball,2026-08-01,Saturday,1,6,3,7,Outdoor,Yes,2738.49
Tennis,2026-09-20,Sunday,1,7,3,4,Outdoor,No,2748.66
Pickleball,2026-09-10,Thursday,0,17,1,4,Indoor,No,444.96
Basketball,2026-09-17,Thursday,0,10,3,4,Indoor,No,2321.88
Football,2026-06-29,Monday,0,17,3,8,Indoor,No,4431.6
Badminton,2026-08-17,Monday,0,11,1,2,Outdoor,No,419.73
Pickleball,2026-07-27,Monday,0,20,2,4,Outdoor,Yes,1196.23
Football,2026-07-04,Saturday,1,10,1,16,Outdoor,No,1645.41
Cricket,2026-08-14,Friday,0,6,2,14,Indoor,No,2807.04
Badminton,2026-09-19,Saturday,1,14,3,3,Outdoor,Yes,1528.81
Basketball,2026-07-24,Friday,0,21,1,8,Outdoor,Yes,996.23
Basketball,2026-07-03,Friday,0,19,3,6,Outdoor,Yes,2480.97
Pickleball,2026-06-30,Tuesday,0,7,2,3,Indoor,Yes,1031.69
Pickleball,2026-09-01,Tuesday,0,10,2,3,Outdoor,No,798.03
Tennis,2026-07-14,Tuesday,0,19,3,2,Outdoor,No,2534.86
Badminton,2026-06-29,Monday,0,17,1,3,Outdoor,Yes,575.45
Badminton,2026-07-07,Tuesday,0,17,3,4,Outdoor,Yes,1717.8
Football,2026-07-30,Thursday,0,12,1,13,Indoor,Yes,1609.04
Basketball,2026-09-14,Monday,0,6,1,10,Outdoor,Yes,1163.21
Pickleball,2026-09-05,Saturday,1,12,1,4,Indoor,Yes,727.94
Pickleball,2026-08-06,Thursday,0,10,3,2,Outdoor,Yes,1223.66
Pickleball,2026-09-02,Wednesday,0,14,1,2,Indoor,Yes,531.5
Cricket,2026-08-09,Sunday,1,13,3,11,Indoor,Yes,5275.42
Badminton,2026-07-01,Wednesday,0,10,3,3,Indoor,Yes,1474.96
Football,2026-08-21,Friday,0,17,3,15,Indoor,No,4692.26
Tennis,2026-07-23,Thursday,0,7,3,4,Outdoor,No,2211.05
Basketball,2026-06-28,Sunday,1,7,2,10,Outdoor,No,1752.31
Basketball,2026-07-08,Wednesday,0,19,3,7,Indoor,Yes,2602.45
Badminton,2026-09-10,Thursday,0,10,1,2,Outdoor,No,363.64
Football,2026-09-09,Wednesday,0,20,2,13,Outdoor,Yes,2875.83
Basketball,2026-07-09,Thursday,0,12,2,7,Indoor,No,1634.9
Badminton,2026-08-22,Saturday,1,18,2,4,Indoor,No,1280.64
Football,2026-08-04,Tuesday,0,14,2,8,Outdoor,Yes,2313.14
Cricket,2026-07-05,Sunday,1,8,2,7,Outdoor,Yes,3187.78
Tennis,2026-07-02,Thursday,0,16,3,2,Outdoor,No,2470.83
Basketball,2026-08-18,Tuesday,0,7,2,8,Outdoor,No,1373.1
Cricket,2026-09-06,Sunday,1,21,1,8,Outdoor,Yes,1974.04
Cricket,2026-08-08,Saturday,1,17,1,10,Indoor,No,1790.23
Tennis,2026-09-12,Saturday,1,6,3,4,Outdoor,Yes,2533.47
Pickleball,2026-07-29,Wednesday,0,15,2,3,Indoor,Yes,1032.7
Pickleball,2026-09-05,Saturday,1,18,1,2,Indoor,Yes,751.3
Basketball,2026-08-31,Monday,0,12,2,7,Outdoor,No,1517.6
Pickleball,2026-08-11,Tuesday,0,15,3,3,Indoor,Yes,1519.35
Pickleball,2026-07-15,Wednesday,0,7,3,2,Outdoor,No,1045.77
Basketball,2026-08-18,Tuesday,0,19,3,7,Outdoor,No,2234.28
Pickleball,2026-08-29,Saturday,1,9,2,3,Indoor,No,1059.97
Basketball,2026-09-19,Saturday,1,19,3,9,Outdoor,Yes,3108.97
Pickleball,2026-08-14,Friday,0,7,1,2,Outdoor,Yes,546.38
Pickleball,2026-07-27,Monday,0,15,2,2,Indoor,No,1029.25
Basketball,2026-08-19,Wednesday,0,11,1,7,Indoor,No,868.77
Cricket,2026-08-14,Friday,0,7,2,6,Outdoor,Yes,2830.55
Badminton,2026-09-06,Sunday,1,19,3,3,Outdoor,No,1777.22
Cricket,2026-08-15,Saturday,1,6,2,8,Outdoor,No,3148.42
Cricket,2026-08-19,Wednesday,0,9,1,12,Outdoor,Yes,1569.73
Football,2026-08-03,Monday,0,16,1,11,Indoor,Yes,1657.18
Tennis,2026-09-14,Monday,0,9,3,4,Indoor,No,2250.57
Badminton,2026-09-15,Tuesday,0,10,1,2,Indoor,No,433.75
Pickleball,2026-07-17,Friday,0,10,3,2,Indoor,No,1217.48
Football,2026-09-05,Saturday,1,19,3,15,Outdoor,No,4902.97
Pickleball,2026-08-20,Thursday,0,8,2,3,Outdoor,No,894.02
Tennis,2026-07-02,Thursday,0,17,3,2,Outdoor,No,2144.43
Football,2026-06-29,Monday,0,7,2,10,Indoor,Yes,2884.06
Tennis,2026-09-09,Wednesday,0,20,2,3,Indoor,No,1622.21
Tennis,2026-09-16,Wednesday,0,12,2,4,Outdoor,Yes,1554.69
Cricket,2026-08-21,Friday,0,9,2,7,Indoor,Yes,3105.46
Pickleball,2026-09-23,Wednesday,0,20,2,4,Indoor,No,1015.3
Badminton,2026-07-31,Friday,0,18,2,3,Indoor,No,969.94
Cricket,2026-08-06,Thursday,0,9,3,16,Outdoor,No,3780.47
Badminton,2026-09-17,Thursday,0,10,2,2,Indoor,No,915.88
Badminton,2026-09-16,Wednesday,0,18,1,4,Indoor,No,531.63
Tennis,2026-08-12,Wednesday,0,16,1,4,Indoor,No,830.65
Tennis,2026-08-10,Monday,0,6,2,3,Indoor,Yes,1719.69
Badminton,2026-08-26,Wednesday,0,12,1,2,Indoor,Yes,566.93
Badminton,2026-07-07,Tuesday,0,19,3,4,Indoor,No,1769.7
Tennis,2026-07-11,Saturday,1,18,1,2,Indoor,Yes,1258.72
Basketball,2026-08-20,Thursday,0,7,2,6,Indoor,No,1344.09
Tennis,2026-07-31,Friday,0,20,1,4,Indoor,No,945.97
Football,2026-07-19,Sunday,1,17,3,15,Outdoor,No,4685.27
Badminton,2026-08-12,Wednesday,0,19,3,3,Indoor,Yes,1779.59
Tennis,2026-07-12,Sunday,1,14,1,4,Outdoor,No,847.68
Tennis,2026-07-08,Wednesday,0,21,1,3,Indoor,Yes,1053.2
Badminton,2026-08-21,Friday,0,21,1,3,Indoor,Yes,701.63
Football,2026-08-08,Saturday,1,6,2,6,Outdoor,No,2882.33
Pickleball,2026-08-13,Thursday,0,8,2,2,Indoor,No,775.79
Cricket,2026-09-16,Wednesday,0,16,1,8,Indoor,No,1440.5
Football,2026-09-22,Tuesday,0,10,3,13,Outdoor,Yes,3618.85
Cricket,2026-06-27,Saturday,1,14,1,8,Outdoor,Yes,1671.79
Badminton,2026-07-25,Saturday,1,15,1,2,Indoor,No,583.93
Basketball,2026-09-12,Saturday,1,20,1,4,Outdoor,Yes,1123.66
Basketball,2026-08-29,Saturday,1,13,3,5,Outdoor,No,2232.3
Cricket,2026-09-11,Friday,0,17,1,15,Outdoor,Yes,1767.25
Basketball,2026-09-18,Friday,0,8,3,6,Indoor,Yes,2699.95
Football,2026-08-24,Monday,0,7,3,12,Outdoor,No,3769.92
Basketball,2026-06-27,Saturday,1,17,1,6,Indoor,Yes,1006.99
Tennis,2026-08-06,Thursday,0,10,1,3,Outdoor,Yes,849.58
Basketball,2026-08-23,Sunday,1,19,3,5,Indoor,Yes,3427.21
Basketball,2026-08-22,Saturday,1,7,2,5,Indoor,Yes,1858.58
Cricket,2026-08-04,Tuesday,0,15,3,12,Outdoor,No,3952.52
Cricket,2026-09-15,Tuesday,0,12,2,11,Indoor,No,2998.16
Badminton,2026-07-10,Friday,0,17,2,3,Outdoor,No,892.44
Badminton,2026-07-18,Saturday,1,19,3,3,Outdoor,No,1675.0
Cricket,2026-08-18,Tuesday,0,8,2,15,Indoor,No,2388.38
Badminton,2026-07-08,Wednesday,0,8,2,4,Outdoor,No,797.76
Football,2026-09-10,Thursday,0,19,1,13,Outdoor,No,1516.66
Cricket,2026-08-09,Sunday,1,19,2,16,Indoor,Yes,3833.01
Basketball,2026-09-14,Monday,0,18,2,8,Indoor,Yes,2134.95
Pickleball,2026-09-10,Thursday,0,20,1,2,Indoor,Yes,576.58
Basketball,2026-08-10,Monday,0,17,2,8,Indoor,Yes,1893.16
Basketball,2026-08-21,Friday,0,17,2,7,Indoor,Yes,1934.56
Tennis,2026-08-10,Monday,0,18,2,4,Outdoor,Yes,1966.52
Cricket,2026-06-28,Sunday,1,11,2,14,Outdoor,Yes,3043.11
Badminton,2026-07-28,Tuesday,0,20,1,4,Outdoor,No,545.59
Pickleball,2026-07-10,Friday,0,10,1,3,Indoor,No,443.27
Cricket,2026-09-20,Sunday,1,16,3,11,Indoor,No,5354.72
Badminton,2026-07-15,Wednesday,0,11,2,4,Indoor,Yes,1109.94
Pickleball,2026-07-12,Sunday,1,13,2,2,Outdoor,No,922.89
Football,2026-09-03,Thursday,0,10,3,7,Indoor,No,3619.77
Football,2026-08-25,Tuesday,0,20,2,12,Indoor,Yes,3196.33
Badminton,2026-09-15,Tuesday,0,8,2,3,Outdoor,Yes,952.46
Tennis,2026-09-14,Monday,0,11,1,3,Indoor,Yes,951.44
Tennis,2026-07-14,Tuesday,0,15,1,2,Outdoor,Yes,883.77
Badminton,2026-08-30,Sunday,1,15,1,3,Indoor,No,605.62
Pickleball,2026-09-13,Sunday,1,15,3,4,Indoor,Yes,1578.19
Tennis,2026-09-07,Monday,0,10,1,4,Outdoor,Yes,1015.18
Cricket,2026-07-05,Sunday,1,7,3,15,Outdoor,Yes,4233.38
Tennis,2026-08-17,Monday,0,6,2,4,Outdoor,No,1436.79
Football,2026-07-26,Sunday,1,18,2,13,Indoor,Yes,3897.49
Pickleball,2026-08-20,Thursday,0,19,2,3,Indoor,No,1003.03
Tennis,2026-07-13,Monday,0,16,3,3,Outdoor,No,2348.84
Pickleball,2026-08-11,Tuesday,0,19,3,2,Outdoor,Yes,1442.76
Football,2026-07-10,Friday,0,14,2,9,Indoor,Yes,2663.8
Cricket,2026-08-01,Saturday,1,18,3,12,Indoor,Yes,5657.41
Badminton,2026-09-06,Sunday,1,16,1,2,Outdoor,No,504.47
Football,2026-08-03,Monday,0,21,1,7,Outdoor,No,1419.78
Pickleball,2026-07-22,Wednesday,0,17,1,2,Outdoor,No,364.2
Tennis,2026-09-16,Wednesday,0,20,2,4,Indoor,Yes,2077.39
Football,2026-07-12,Sunday,1,14,3,11,Outdoor,No,4262.16
Cricket,2026-08-15,Saturday,1,7,3,14,Indoor,No,5298.39
Tennis,2026-07-31,Friday,0,8,2,4,Outdoor,No,1504.78
Tennis,2026-09-20,Sunday,1,9,1,2,Outdoor,No,798.22
Badminton,2026-09-04,Friday,0,17,1,2,Outdoor,Yes,531.51
Cricket,2026-06-29,Monday,0,10,3,11,Outdoor,No,3996.5
Pickleball,2026-09-10,Thursday,0,21,1,3,Outdoor,Yes,634.41
Football,2026-09-11,Friday,0,15,3,11,Outdoor,No,3520.58
Football,2026-06-27,Saturday,1,17,2,16,Indoor,No,3715.57
Tennis,2026-08-03,Monday,0,6,3,3,Outdoor,Yes,2449.4
Basketball,2026-07-01,Wednesday,0,21,1,8,Outdoor,Yes,1010.32
Basketball,2026-07-26,Sunday,1,7,3,9,Indoor,Yes,2994.16
Cricket,2026-08-20,Thursday,0,16,2,8,Outdoor,Yes,2667.24
Football,2026-08-28,Friday,0,19,3,6,Indoor,Yes,4366.71
Tennis,2026-08-05,Wednesday,0,19,3,3,Outdoor,Yes,2760.75
Football,2026-09-01,Tuesday,0,16,3,11,Outdoor,No,4219.09
Pickleball,2026-07-26,Sunday,1,14,3,3,Indoor,No,1604.47
Badminton,2026-09-23,Wednesday,0,12,3,4,Outdoor,No,1347.91
Football,2026-08-08,Saturday,1,14,2,7,Outdoor,No,2768.48
Badminton,2026-07-13,Monday,0,15,1,3,Indoor,No,484.03
Football,2026-09-16,Wednesday,0,14,3,13,Indoor,Yes,3979.51
Tennis,2026-07-29,Wednesday,0,14,1,2,Indoor,Yes,937.89
Cricket,2026-09-18,Friday,0,21,1,16,Indoor,Yes,2002.24
Cricket,2026-08-16,Sunday,1,16,3,13,Indoor,Yes,5924.08
Cricket,2026-09-03,Thursday,0,11,2,16,Outdoor,No,2848.2
Basketball,2026-07-20,Monday,0,15,2,6,Indoor,Yes,1597.52
Basketball,2026-09-06,Sunday,1,13,3,9,Indoor,Yes,3262.95
Football,2026-07-17,Friday,0,7,2,13,Indoor,No,2532.33
Cricket,2026-06-26,Friday,0,15,3,15,Indoor,No,3972.83
Badminton,2026-08-22,Saturday,1,20,2,2,Outdoor,No,1180.71
Pickleball,2026-07-09,Thursday,0,16,1,4,Outdoor,No,450.42
Basketball,2026-07-18,Saturday,1,6,3,6,Outdoor,Yes,2686.99
Pickleball,2026-09-11,Friday,0,18,2,4,Outdoor,Yes,1114.49
Football,2026-09-18,Friday,0,9,1,8,Outdoor,No,1249.08
Pickleball,2026-06-25,Thursday,0,14,2,2,Outdoor,No,719.09
Badminton,2026-08-02,Sunday,1,6,2,4,Outdoor,Yes,1165.28
Cricket,2026-09-18,Friday,0,9,2,10,Indoor,No,2724.61
Basketball,2026-08-28,Friday,0,15,3,4,Outdoor,No,2117.01
Tennis,2026-07-23,Thursday,0,13,1,3,Indoor,No,787.99
Basketball,2026-09-10,Thursday,0,17,2,9,Outdoor,Yes,1729.86
Pickleball,2026-09-20,Sunday,1,8,3,3,Outdoor,Yes,1513.25
Tennis,2026-07-09,Thursday,0,7,3,4,Indoor,Yes,2572.19
Pickleball,2026-08-05,Wednesday,0,20,2,2,Indoor,No,928.88
Cricket,2026-08-29,Saturday,1,20,1,13,Indoor,No,1993.17
Football,2026-09-05,Saturday,1,7,3,13,Outdoor,Yes,4449.11
Football,2026-07-27,Monday,0,6,3,9,Indoor,Yes,4013.13
Football,2026-08-08,Saturday,1,8,3,6,Indoor,No,4320.46
Cricket,2026-07-31,Friday,0,19,1,8,Outdoor,No,1486.76
Football,2026-08-21,Friday,0,18,2,7,Indoor,No,2948.49
Cricket,2026-07-17,Friday,0,18,3,8,Indoor,Yes,4432.26
Cricket,2026-08-02,Sunday,1,19,3,14,Outdoor,No,4823.13
Pickleball,2026-07-26,Sunday,1,20,2,2,Outdoor,Yes,1147.12
Basketball,2026-07-09,Thursday,0,7,3,7,Indoor,Yes,2389.01
Pickleball,2026-07-03,Friday,0,9,3,2,Outdoor,Yes,1314.06
Pickleball,2026-06-30,Tuesday,0,18,2,2,Indoor,Yes,1209.78
Pickleball,2026-08-28,Friday,0,15,1,4,Outdoor,No,452.13
Pickleball,2026-08-02,Sunday,1,10,3,4,Indoor,No,1539.88
Badminton,2026-07-30,Thursday,0,7,3,4,Indoor,No,1368.44
Tennis,2026-08-27,Thursday,0,7,2,4,Outdoor,No,1362.78
Basketball,2026-08-17,Monday,0,19,1,6,Outdoor,Yes,996.39
Tennis,2026-08-24,Monday,0,13,1,3,Indoor,No,781.23
Cricket,2026-09-04,Friday,0,19,2,14,Indoor,No,3400.6
Pickleball,2026-07-27,Monday,0,12,2,4,Indoor,No,842.02
Badminton,2026-07-06,Monday,0,12,1,3,Outdoor,Yes,592.92
Cricket,2026-07-19,Sunday,1,12,2,9,Outdoor,No,3335.95
Cricket,2026-07-22,Wednesday,0,12,3,7,Outdoor,Yes,3849.71
Basketball,2026-09-10,Thursday,0,12,2,5,Outdoor,No,1408.14
Football,2026-08-23,Sunday,1,17,2,10,Outdoor,No,3370.0
Football,2026-07-07,Tuesday,0,20,2,9,Outdoor,No,2639.88
Football,2026-06-30,Tuesday,0,13,3,8,Indoor,No,3830.82
Tennis,2026-09-07,Monday,0,19,2,2,Indoor,No,1772.34
Pickleball,2026-08-12,Wednesday,0,13,2,4,Outdoor,No,814.75
Football,2026-09-15,Tuesday,0,20,2,8,Outdoor,Yes,2698.74
Pickleball,2026-09-02,Wednesday,0,21,1,4,Indoor,Yes,681.7
Cricket,2026-09-18,Friday,0,7,1,12,Indoor,Yes,1771.39
Cricket,2026-09-23,Wednesday,0,10,1,9,Outdoor,No,1494.72
Cricket,2026-09-12,Saturday,1,19,3,13,Indoor,Yes,6228.79
Tennis,2026-09-03,Thursday,0,19,1,2,Outdoor,No,909.0
Cricket,2026-08-28,Friday,0,19,1,7,Indoor,Yes,1710.45
Pickleball,2026-07-19,Sunday,1,20,2,3,Outdoor,No,1130.0
Cricket,2026-08-11,Tuesday,0,18,2,15,Indoor,Yes,3549.62
Badminton,2026-09-20,Sunday,1,8,3,4,Indoor,Yes,2018.4
Football,2026-08-12,Wednesday,0,18,3,13,Indoor,Yes,4376.43
Basketball,2026-07-16,Thursday,0,8,2,10,Outdoor,No,1424.43
Tennis,2026-07-07,Tuesday,0,21,1,2,Indoor,No,853.65
Badminton,2026-06-30,Tuesday,0,8,3,3,Indoor,Yes,1304.49
Badminton,2026-06-27,Saturday,1,12,3,2,Outdoor,Yes,1539.84
Badminton,2026-07-15,Wednesday,0,13,3,3,Outdoor,No,1169.2
Basketball,2026-07-12,Sunday,1,8,3,9,Outdoor,Yes,2689.05
Cricket,2026-08-19,Wednesday,0,13,1,11,Outdoor,No,1454.22
Cricket,2026-09-14,Monday,0,14,2,13,Indoor,No,3243.14
Tennis,2026-08-12,Wednesday,0,19,1,4,Outdoor,Yes,1062.31
Tennis,2026-08-01,Saturday,1,13,3,2,Indoor,No,2676.05
Pickleball,2026-08-12,Wednesday,0,10,3,3,Outdoor,No,1102.2
Cricket,2026-07-06,Monday,0,6,2,13,Outdoor,No,2753.95
Cricket,2026-07-11,Saturday,1,8,1,12,Outdoor,No,1556.13
Cricket,2026-06-28,Sunday,1,8,2,14,Indoor,No,3849.09
Football,2026-06-26,Friday,0,15,2,12,Indoor,Yes,3019.56
Tennis,2026-08-30,Sunday,1,11,3,3,Indoor,Yes,2864.04
Badminton,2026-08-02,Sunday,1,14,2,2,Indoor,Yes,1082.04
Football,2026-07-30,Thursday,0,19,2,13,Indoor,No,3306.41
Badminton,2026-07-26,Sunday,1,19,3,4,Indoor,No,1858.74
Cricket,2026-07-12,Sunday,1,15,1,12,Outdoor,No,1815.51
Badminton,2026-08-20,Thursday,0,16,2,4,Indoor,No,841.03
Badminton,2026-09-10,Thursday,0,12,2,3,Indoor,No,872.45
Badminton,2026-08-01,Saturday,1,19,3,2,Outdoor,No,1656.52
Badminton,2026-08-14,Friday,0,17,1,4,Indoor,Yes,641.8
Basketball,2026-09-03,Thursday,0,6,3,7,Indoor,No,2208.7
Badminton,2026-09-21,Monday,0,8,2,4,Outdoor,Yes,1037.37
Basketball,2026-08-02,Sunday,1,13,2,9,Indoor,No,1769.87
Football,2026-07-04,Saturday,1,19,3,13,Outdoor,No,4787.75
Tennis,2026-06-29,Monday,0,17,3,4,Indoor,Yes,2877.12
Pickleball,2026-09-17,Thursday,0,17,1,4,Indoor,No,482.45
Badminton,2026-08-19,Wednesday,0,9,1,2,Outdoor,Yes,573.48
Tennis,2026-08-30,Sunday,1,13,2,3,Outdoor,No,1589.95
Basketball,2026-09-08,Tuesday,0,21,1,6,Indoor,No,837.36
Cricket,2026-08-01,Saturday,1,19,1,7,Indoor,No,2095.83
Badminton,2026-08-07,Friday,0,20,1,4,Outdoor,No,520.17
Football,2026-07-07,Tuesday,0,19,3,13,Outdoor,Yes,4030.48
Badminton,2026-06-30,Tuesday,0,9,1,3,Indoor,Yes,672.24
Basketball,2026-07-26,Sunday,1,21,1,8,Indoor,No,1144.59
Tennis,2026-08-18,Tuesday,0,20,1,3,Indoor,Yes,1135.54
Basketball,2026-09-17,Thursday,0,19,2,4,Indoor,No,1701.36
Tennis,2026-08-18,Tuesday,0,18,1,4,Indoor,Yes,1219.72
Badminton,2026-09-23,Wednesday,0,8,3,2,Indoor,No,1459.02
Badminton,2026-07-20,Monday,0,20,1,3,Outdoor,No,477.76
Tennis,2026-08-13,Thursday,0,18,3,2,Outdoor,No,2555.78
Football,2026-09-12,Saturday,1,11,3,10,Indoor,Yes,4888.23
Badminton,2026-07-10,Friday,0,13,2,2,Indoor,No,952.26
Basketball,2026-07-13,Monday,0,20,2,7,Indoor,No,1667.05
Football,2026-07-18,Saturday,1,19,3,14,Indoor,Yes,5684.13
Football,2026-07-31,Friday,0,10,1,11,Outdoor,Yes,1568.67
Badminton,2026-06-26,Friday,0,21,1,2,Outdoor,No,411.46
Football,2026-09-20,Sunday,1,20,2,13,Outdoor,Yes,3215.28
Cricket,2026-09-05,Saturday,1,6,1,10,Indoor,No,1565.72
Pickleball,2026-09-01,Tuesday,0,15,1,3,Outdoor,Yes,546.03
Tennis,2026-07-09,Thursday,0,14,3,3,Indoor,No,2435.53
Tennis,2026-07-22,Wednesday,0,19,1,4,Indoor,No,1019.83
Cricket,2026-08-21,Friday,0,14,2,7,Outdoor,Yes,2686.89
Pickleball,2026-07-21,Tuesday,0,17,3,4,Outdoor,Yes,1658.65
Tennis,2026-07-12,Sunday,1,12,1,2,Outdoor,No,770.44
Tennis,2026-09-01,Tuesday,0,11,2,4,Outdoor,No,1301.81
Tennis,2026-07-29,Wednesday,0,19,3,2,Indoor,No,2647.65
Cricket,2026-07-30,Thursday,0,10,3,8,Indoor,Yes,4358.17
Basketball,2026-08-05,Wednesday,0,13,3,7,Outdoor,Yes,2220.64
Tennis,2026-09-13,Sunday,1,14,3,3,Outdoor,No,2229.3
Cricket,2026-09-14,Monday,0,8,2,14,Outdoor,No,2685.56
Football,2026-08-26,Wednesday,0,16,3,6,Indoor,No,3939.94
Basketball,2026-09-18,Friday,0,17,1,10,Outdoor,Yes,1040.18
Football,2026-07-22,Wednesday,0,20,2,11,Outdoor,No,2815.6
Tennis,2026-09-06,Sunday,1,10,3,3,Outdoor,Yes,2543.02
Cricket,2026-07-07,Tuesday,0,20,1,7,Indoor,No,1592.34
Football,2026-06-25,Thursday,0,19,1,8,Outdoor,Yes,1465.54
Badminton,2026-07-06,Monday,0,17,2,2,Outdoor,Yes,1065.98
Cricket,2026-08-14,Friday,0,15,3,9,Outdoor,Yes,4149.94
Basketball,2026-07-07,Tuesday,0,6,1,7,Indoor,Yes,931.45
Tennis,2026-07-23,Thursday,0,19,3,3,Indoor,Yes,2917.13
Basketball,2026-08-07,Friday,0,9,2,9,Indoor,No,1553.94
Cricket,2026-07-24,Friday,0,18,1,7,Indoor,No,1564.84
Badminton,2026-08-02,Sunday,1,10,2,2,Indoor,Yes,1198.26
Tennis,2026-09-05,Saturday,1,6,3,4,Indoor,No,2646.71
Badminton,2026-07-22,Wednesday,0,10,2,4,Outdoor,Yes,966.78
Cricket,2026-07-07,Tuesday,0,10,1,15,Outdoor,No,1415.39
Football,2026-08-04,Tuesday,0,10,1,10,Indoor,Yes,1743.9
Tennis,2026-09-09,Wednesday,0,15,3,2,Outdoor,Yes,2254.76
Tennis,2026-09-10,Thursday,0,21,1,4,Outdoor,No,819.1
Basketball,2026-07-01,Wednesday,0,13,2,7,Indoor,Yes,1726.89
Football,2026-09-14,Monday,0,8,3,6,Outdoor,No,3377.09
Pickleball,2026-08-13,Thursday,0,19,2,4,Indoor,No,997.99
Cricket,2026-06-27,Saturday,1,8,1,10,Indoor,Yes,2005.27
Cricket,2026-08-14,Friday,0,20,2,16,Outdoor,No,3251.35
Basketball,2026-08-15,Saturday,1,8,3,8,Indoor,No,2637.29
Cricket,2026-08-03,Monday,0,8,3,9,Indoor,No,3992.14
Football,2026-09-08,Tuesday,0,8,2,12,Indoor,Yes,2773.46
Pickleball,2026-07-06,Monday,0,19,1,3,Indoor,No,435.86
Basketball,2026-09-17,Thursday,0,11,1,4,Indoor,Yes,831.82
Pickleball,2026-08-27,Thursday,0,17,3,4,Outdoor,Yes,1634.92
Badminton,2026-07-11,Saturday,1,14,3,2,Indoor,No,1740.34
Football,2026-07-29,Wednesday,0,21,1,10,Indoor,No,1567.72
Football,2026-08-29,Saturday,1,17,1,13,Indoor,No,1786.74
Pickleball,2026-07-27,Monday,0,9,3,4,Indoor,Yes,1481.15
Basketball,2026-08-29,Saturday,1,6,1,10,Indoor,Yes,1431.16
Cricket,2026-08-24,Monday,0,17,2,8,Indoor,Yes,3560.09
Tennis,2026-09-16,Wednesday,0,19,1,3,Indoor,No,903.51
Basketball,2026-08-04,Tuesday,0,14,1,8,Outdoor,Yes,895.53
Tennis,2026-09-19,Saturday,1,7,1,2,Indoor,No,834.94
Cricket,2026-08-23,Sunday,1,15,2,11,Indoor,No,3434.42
Cricket,2026-08-11,Tuesday,0,12,2,15,Outdoor,Yes,2744.53
Football,2026-08-11,Tuesday,0,21,1,14,Indoor,Yes,1684.36
Cricket,2026-08-16,Sunday,1,6,1,14,Outdoor,Yes,1816.68
Badminton,2026-06-25,Thursday,0,18,3,4,Outdoor,Yes,1477.47
Pickleball,2026-08-31,Monday,0,13,2,3,Indoor,Yes,1113.34
Basketball,2026-07-30,Thursday,0,8,1,5,Outdoor,No,763.35
Football,2026-07-05,Sunday,1,9,3,8,Outdoor,Yes,4257.96
Tennis,2026-09-05,Saturday,1,7,2,4,Indoor,Yes,2229.86
Badminton,2026-07-28,Tuesday,0,16,2,4,Outdoor,No,853.95
Football,2026-07-29,Wednesday,0,13,1,9,Indoor,Yes,1455.68
Pickleball,2026-07-08,Wednesday,0,11,2,3,Outdoor,No,856.74
Cricket,2026-09-01,Tuesday,0,17,1,13,Outdoor,No,1522.69
Badminton,2026-07-10,Friday,0,8,1,4,Outdoor,Yes,562.66
Pickleball,2026-08-05,Wednesday,0,10,1,4,Indoor,No,462.66
Football,2026-08-29,Saturday,1,7,3,10,Outdoor,Yes,4083.57
Cricket,2026-08-15,Saturday,1,19,3,14,Indoor,Yes,5424.06
Football,2026-07-08,Wednesday,0,10,1,6,Indoor,Yes,1541.13
Pickleball,2026-07-20,Monday,0,18,2,4,Indoor,No,1127.27
Cricket,2026-06-27,Saturday,1,8,1,16,Outdoor,Yes,1777.21
Cricket,2026-08-06,Thursday,0,9,1,13,Indoor,Yes,1803.94
Tennis,2026-08-19,Wednesday,0,18,2,2,Outdoor,No,1547.15
Pickleball,2026-08-09,Sunday,1,12,1,3,Outdoor,No,466.94
Pickleball,2026-06-29,Monday,0,13,3,3,Outdoor,No,1123.59
Tennis,2026-08-25,Tuesday,0,7,1,3,Outdoor,Yes,829.64
Football,2026-07-20,Monday,0,21,1,16,Indoor,No,1746.57
Basketball,2026-08-09,Sunday,1,19,3,10,Outdoor,No,2746.86
Tennis,2026-08-28,Friday,0,16,2,3,Indoor,Yes,1742.83
Badminton,2026-09-09,Wednesday,0,13,1,3,Indoor,No,463.6
Tennis,2026-08-09,Sunday,1,13,1,2,Indoor,Yes,1058.6
Badminton,2026-09-01,Tuesday,0,7,1,4,Outdoor,No,425.5
Pickleball,2026-07-17,Friday,0,13,3,3,Outdoor,Yes,1269.49
Basketball,2026-09-22,Tuesday,0,17,3,8,Indoor,Yes,2892.15
Football,2026-09-02,Wednesday,0,15,1,13,Indoor,Yes,1684.14
Cricket,2026-07-24,Friday,0,13,1,14,Outdoor,Yes,1553.22
Badminton,2026-09-11,Friday,0,12,1,3,Indoor,No,467.77
Cricket,2026-06-27,Saturday,1,10,3,8,Indoor,No,5123.0
Cricket,2026-08-11,Tuesday,0,18,3,7,Outdoor,No,3837.8
Badminton,2026-07-12,Sunday,1,11,3,3,Outdoor,No,1512.76
Pickleball,2026-09-23,Wednesday,0,17,1,4,Indoor,No,449.39
Badminton,2026-09-21,Monday,0,15,1,2,Indoor,No,455.06
Tennis,2026-06-29,Monday,0,11,3,3,Indoor,Yes,2371.2
Football,2026-07-13,Monday,0,16,3,7,Indoor,No,3833.89
Badminton,2026-07-16,Thursday,0,8,3,4,Outdoor,No,1127.93
Cricket,2026-07-28,Tuesday,0,12,1,7,Outdoor,No,1328.82
Cricket,2026-06-25,Thursday,0,7,2,13,Outdoor,Yes,2869.02
Football,2026-08-27,Thursday,0,18,2,14,Outdoor,Yes,2818.31
Football,2026-09-06,Sunday,1,13,1,13,Indoor,Yes,1948.92
Badminton,2026-06-27,Saturday,1,16,2,2,Indoor,No,950.73
Pickleball,2026-08-12,Wednesday,0,11,3,2,Indoor,No,1249.03
Tennis,2026-09-11,Friday,0,19,3,2,Outdoor,Yes,2378.62
Tennis,2026-08-19,Wednesday,0,11,1,2,Outdoor,Yes,816.76
Pickleball,2026-08-16,Sunday,1,14,3,3,Outdoor,Yes,1547.39
Cricket,2026-07-01,Wednesday,0,18,3,14,Outdoor,Yes,4353.04
Cricket,2026-08-10,Monday,0,6,2,7,Outdoor,No,2466.74
Pickleball,2026-07-07,Tuesday,0,6,1,2,Outdoor,Yes,562.0
Football,2026-07-09,Thursday,0,15,2,13,Outdoor,No,2389.33
Cricket,2026-09-15,Tuesday,0,18,1,11,Outdoor,No,1685.48
Pickleball,2026-08-21,Friday,0,7,2,3,Outdoor,No,731.79
Pickleball,2026-07-29,Wednesday,0,7,1,4,Indoor,Yes,637.65
Basketball,2026-08-08,Saturday,1,19,3,5,Indoor,No,3297.62
Tennis,2026-08-17,Monday,0,19,3,2,Outdoor,No,2056.86
Cricket,2026-08-14,Friday,0,7,3,15,Indoor,Yes,4222.95
Football,2026-07-17,Friday,0,11,1,9,Indoor,Yes,1588.15
Football,2026-07-05,Sunday,1,19,1,16,Indoor,No,1995.19
Badminton,2026-07-03,Friday,0,8,2,4,Outdoor,No,868.93
Badminton,2026-08-30,Sunday,1,20,1,4,Outdoor,Yes,724.75
Football,2026-07-14,Tuesday,0,10,3,15,Indoor,Yes,4126.33
Tennis,2026-07-07,Tuesday,0,15,3,3,Outdoor,No,2105.15
Football,2026-09-16,Wednesday,0,19,3,15,Outdoor,Yes,4569.19
Pickleball,2026-07-30,Thursday,0,18,1,4,Outdoor,Yes,646.72
Football,2026-08-06,Thursday,0,13,1,13,Outdoor,No,1402.85
Cricket,2026-08-07,Friday,0,15,2,10,Outdoor,Yes,2682.04
Pickleball,2026-07-12,Sunday,1,15,3,3,Outdoor,No,1352.25
Basketball,2026-08-17,Monday,0,8,1,7,Indoor,No,818.2
Basketball,2026-08-26,Wednesday,0,20,2,10,Indoor,Yes,2041.7
Cricket,2026-08-03,Monday,0,20,2,8,Indoor,Yes,3251.74
Pickleball,2026-07-20,Monday,0,7,1,2,Outdoor,Yes,539.21
Badminton,2026-09-23,Wednesday,0,12,2,3,Outdoor,No,927.73
Basketball,2026-07-10,Friday,0,6,1,6,Outdoor,No,789.2
Pickleball,2026-08-24,Monday,0,17,2,2,Outdoor,Yes,1003.97
Badminton,2026-06-28,Sunday,1,18,1,2,Indoor,Yes,811.77
Basketball,2026-07-23,Thursday,0,12,2,9,Outdoor,Yes,1585.21
Basketball,2026-06-26,Friday,0,21,1,9,Indoor,Yes,1006.96
Pickleball,2026-07-27,Monday,0,15,3,4,Outdoor,No,1118.02
Football,2026-08-08,Saturday,1,20,2,9,Outdoor,No,2850.57
Basketball,2026-08-30,Sunday,1,18,3,4,Indoor,No,2946.61
Tennis,2026-09-15,Tuesday,0,15,2,4,Indoor,No,1591.76
Cricket,2026-08-07,Friday,0,14,3,11,Outdoor,No,4209.74
Basketball,2026-09-16,Wednesday,0,15,1,5,Indoor,Yes,958.44
Tennis,2026-08-15,Saturday,1,16,3,2,Indoor,No,3145.89
Badminton,2026-07-28,Tuesday,0,19,2,3,Indoor,Yes,1246.07
Badminton,2026-07-23,Thursday,0,19,3,3,Outdoor,Yes,1348.7
Basketball,2026-09-04,Friday,0,11,2,4,Outdoor,Yes,1521.21
Basketball,2026-07-28,Tuesday,0,11,3,6,Indoor,Yes,2505.77
Badminton,2026-07-23,Thursday,0,15,2,3,Outdoor,No,751.81
Tennis,2026-08-01,Saturday,1,20,1,3,Indoor,Yes,1322.53
Football,2026-07-19,Sunday,1,21,1,16,Outdoor,No,1905.94
Football,2026-07-01,Wednesday,0,10,1,9,Outdoor,No,1243.23
Tennis,2026-08-22,Saturday,1,10,2,4,Indoor,Yes,2125.76
Football,2026-08-06,Thursday,0,11,2,16,Indoor,Yes,3317.83
Football,2026-07-30,Thursday,0,12,1,15,Indoor,No,1551.75
Cricket,2026-07-11,Saturday,1,19,3,12,Outdoor,No,5295.71
Football,2026-08-13,Thursday,0,6,1,14,Indoor,No,1468.38
Cricket,2026-08-05,Wednesday,0,21,1,6,Indoor,Yes,1677.85
Pickleball,2026-09-21,Monday,0,17,2,2,Indoor,No,1009.3
Tennis,2026-09-08,Tuesday,0,15,1,2,Indoor,No,730.45
Badminton,2026-08-22,Saturday,1,19,3,4,Outdoor,No,1713.33
Basketball,2026-07-12,Sunday,1,16,2,6,Indoor,Yes,1909.66
Football,2026-06-27,Saturday,1,13,1,8,Indoor,Yes,1802.35
Tennis,2026-08-28,Friday,0,11,1,3,Indoor,No,810.92
Basketball,2026-07-27,Monday,0,7,3,4,Indoor,Yes,2490.98
Cricket,2026-09-21,Monday,0,9,2,13,Outdoor,Yes,2738.55
Tennis,2026-07-27,Monday,0,19,3,2,Indoor,Yes,2761.06
Badminton,2026-08-17,Monday,0,9,3,4,Outdoor,Yes,1317.78
Football,2026-07-08,Wednesday,0,19,3,15,Indoor,No,4379.55
Cricket,2026-07-08,Wednesday,0,21,1,15,Indoor,No,1884.72
Tennis,2026-07-20,Monday,0,17,3,3,Outdoor,Yes,2707.64
Cricket,2026-09-03,Thursday,0,21,1,13,Outdoor,Yes,1705.13
Cricket,2026-06-26,Friday,0,8,1,15,Outdoor,Yes,1762.4
Cricket,2026-08-29,Saturday,1,8,3,7,Outdoor,Yes,4968.75
Football,2026-08-01,Saturday,1,14,2,6,Indoor,Yes,3232.24
Cricket,2026-08-01,Saturday,1,17,3,11,Outdoor,Yes,5944.66
Cricket,2026-06-30,Tuesday,0,6,1,16,Indoor,No,1592.47
Badminton,2026-08-20,Thursday,0,14,3,2,Outdoor,No,1110.38
Pickleball,2026-07-09,Thursday,0,18,2,3,Outdoor,No,803.06
Basketball,2026-08-25,Tuesday,0,19,3,10,Indoor,Yes,3069.59
Pickleball,2026-09-22,Tuesday,0,7,1,2,Outdoor,No,394.92
Tennis,2026-09-19,Saturday,1,20,1,4,Outdoor,No,1012.61
Tennis,2026-06-28,Sunday,1,10,2,3,Indoor,No,1904.46
Football,2026-06-30,Tuesday,0,8,2,16,Outdoor,Yes,2517.67
Basketball,2026-09-19,Saturday,1,19,3,8,Indoor,No,3566.49
Tennis,2026-08-30,Sunday,1,9,2,4,Indoor,No,1912.72
Badminton,2026-09-17,Thursday,0,18,1,4,Indoor,Yes,710.63
Basketball,2026-07-15,Wednesday,0,20,2,10,Outdoor,Yes,1925.34
Cricket,2026-08-26,Wednesday,0,16,1,11,Outdoor,Yes,1620.46
Tennis,2026-07-23,Thursday,0,18,2,2,Indoor,No,1794.79
Football,2026-09-06,Sunday,1,20,1,13,Outdoor,No,1707.96
Cricket,2026-08-27,Thursday,0,6,1,12,Outdoor,Yes,1645.26
Tennis,2026-09-03,Thursday,0,6,1,4,Outdoor,Yes,1001.63
Basketball,2026-09-18,Friday,0,20,2,6,Indoor,Yes,2047.43
Football,2026-08-06,Thursday,0,19,3,16,Outdoor,No,4541.23
Cricket,2026-07-07,Tuesday,0,13,1,11,Outdoor,No,1381.29
Tennis,2026-08-30,Sunday,1,17,3,2,Indoor,Yes,3139.61
Football,2026-07-12,Sunday,1,19,1,10,Indoor,Yes,2004.56
Cricket,2026-08-14,Friday,0,12,2,9,Outdoor,Yes,2734.11
Football,2026-06-30,Tuesday,0,9,2,13,Indoor,No,2871.93
Cricket,2026-08-31,Monday,0,7,3,12,Outdoor,Yes,3593.81
Basketball,2026-09-07,Monday,0,11,3,10,Indoor,Yes,2723.97
Football,2026-09-17,Thursday,0,16,3,12,Outdoor,Yes,4155.23
Badminton,2026-08-14,Friday,0,16,2,3,Indoor,Yes,1027.98
Football,2026-09-10,Thursday,0,20,2,14,Outdoor,Yes,2799.04
Pickleball,2026-07-21,Tuesday,0,15,3,3,Indoor,Yes,1287.11
Tennis,2026-09-02,Wednesday,0,16,3,2,Outdoor,No,2534.28
Tennis,2026-09-06,Sunday,1,19,3,4,Outdoor,No,2960.97
Cricket,2026-08-30,Sunday,1,9,1,12,Indoor,Yes,1830.44
Basketball,2026-07-02,Thursday,0,12,2,10,Indoor,No,1503.34
Basketball,2026-07-27,Monday,0,10,1,9,Outdoor,Yes,955.36
Tennis,2026-06-29,Monday,0,17,2,2,Indoor,No,1948.35
Pickleball,2026-08-29,Saturday,1,15,3,4,Indoor,No,1530.58
Football,2026-08-17,Monday,0,16,3,6,Indoor,No,3888.99
Pickleball,2026-09-12,Saturday,1,20,1,4,Outdoor,Yes,713.72
Basketball,2026-07-19,Sunday,1,15,2,5,Indoor,Yes,1909.24
Pickleball,2026-08-29,Saturday,1,9,2,2,Outdoor,No,764.43
Tennis,2026-07-28,Tuesday,0,10,1,4,Outdoor,Yes,897.07
Badminton,2026-08-23,Sunday,1,10,1,2,Outdoor,Yes,621.27
Basketball,2026-09-11,Friday,0,15,2,10,Outdoor,Yes,1718.92
Basketball,2026-08-04,Tuesday,0,21,1,5,Indoor,Yes,1163.43
Football,2026-09-02,Wednesday,0,18,1,11,Indoor,Yes,1885.9
Basketball,2026-08-06,Thursday,0,16,2,6,Indoor,No,1505.32
Tennis,2026-09-16,Wednesday,0,6,1,4,Outdoor,No,700.21
Pickleball,2026-09-15,Tuesday,0,13,1,4,Outdoor,No,496.39
Cricket,2026-08-13,Thursday,0,14,3,10,Indoor,No,4174.78
Tennis,2026-08-29,Saturday,1,20,2,2,Outdoor,Yes,2083.74
Badminton,2026-08-29,Saturday,1,8,1,2,Indoor,Yes,677.02
Pickleball,2026-09-18,Friday,0,12,3,3,Indoor,Yes,1445.98
Tennis,2026-09-22,Tuesday,0,19,3,2,Indoor,Yes,2782.19
Football,2026-08-06,Thursday,0,7,1,7,Indoor,Yes,1433.89
Badminton,2026-09-04,Friday,0,8,3,2,Outdoor,No,1160.63
Football,2026-08-21,Friday,0,18,2,11,Indoor,No,3002.09
Basketball,2026-07-10,Friday,0,6,3,9,Indoor,Yes,2389.46
Basketball,2026-07-04,Saturday,1,17,3,4,Outdoor,No,2623.77
Tennis,2026-07-06,Monday,0,15,2,3,Outdoor,Yes,1585.06
Football,2026-07-15,Wednesday,0,13,1,12,Outdoor,Yes,1477.05
Badminton,2026-09-19,Saturday,1,17,1,4,Indoor,Yes,793.69
Cricket,2026-06-25,Thursday,0,18,3,14,Indoor,No,4081.93
Pickleball,2026-08-08,Saturday,1,12,2,4,Indoor,Yes,1282.0
Pickleball,2026-07-23,Thursday,0,14,1,2,Indoor,Yes,610.47
Tennis,2026-08-23,Sunday,1,8,2,4,Indoor,No,1661.88
Cricket,2026-07-20,Monday,0,20,2,11,Indoor,Yes,3340.87
Cricket,2026-07-31,Friday,0,8,1,11,Outdoor,No,1393.24
Badminton,2026-09-11,Friday,0,15,3,4,Indoor,No,1254.3
Badminton,2026-08-18,Tuesday,0,11,1,3,Indoor,Yes,586.3
Basketball,2026-09-15,Tuesday,0,19,2,10,Outdoor,Yes,1722.06
Basketball,2026-08-06,Thursday,0,20,2,7,Outdoor,No,1790.32
Football,2026-09-03,Thursday,0,9,1,16,Indoor,No,1647.58
Pickleball,2026-09-01,Tuesday,0,12,2,4,Indoor,Yes,1115.04
Cricket,2026-08-28,Friday,0,6,3,15,Outdoor,Yes,4251.45
Cricket,2026-09-03,Thursday,0,14,3,14,Outdoor,Yes,3775.64
Badminton,2026-08-14,Friday,0,13,3,4,Outdoor,Yes,1355.94
Football,2026-08-28,Friday,0,21,1,12,Outdoor,Yes,1713.89
Basketball,2026-07-25,Saturday,1,11,3,5,Outdoor,Yes,2376.91
Pickleball,2026-09-05,Saturday,1,10,3,4,Outdoor,No,1478.66
Cricket,2026-07-23,Thursday,0,21,1,7,Outdoor,No,1483.3
Pickleball,2026-06-30,Tuesday,0,12,3,3,Outdoor,No,1138.8
Football,2026-06-30,Tuesday,0,7,3,11,Indoor,No,4019.45
Basketball,2026-07-28,Tuesday,0,11,2,9,Outdoor,No,1514.32
Tennis,2026-09-16,Wednesday,0,8,3,3,Outdoor,Yes,2225.73
Tennis,2026-08-15,Saturday,1,17,2,3,Outdoor,Yes,2253.56
Tennis,2026-07-12,Sunday,1,20,1,2,Indoor,No,993.68
Pickleball,2026-07-14,Tuesday,0,11,1,3,Indoor,Yes,614.91
Football,2026-08-06,Thursday,0,9,2,16,Outdoor,No,2640.74
Pickleball,2026-09-08,Tuesday,0,11,3,3,Indoor,Yes,1402.46
Cricket,2026-07-11,Saturday,1,11,1,16,Indoor,Yes,2124.78
Cricket,2026-07-16,Thursday,0,14,1,14,Outdoor,Yes,1526.14
Basketball,2026-09-17,Thursday,0,15,1,5,Outdoor,No,765.2
Football,2026-07-16,Thursday,0,13,2,15,Indoor,Yes,2862.88
Tennis,2026-09-17,Thursday,0,20,2,2,Outdoor,No,1559.5
Tennis,2026-09-08,Tuesday,0,8,1,3,Outdoor,Yes,930.07
Cricket,2026-06-27,Saturday,1,12,3,14,Outdoor,Yes,4568.42
Tennis,2026-07-07,Tuesday,0,11,2,4,Indoor,Yes,1592.96
Cricket,2026-08-25,Tuesday,0,10,3,14,Indoor,No,3862.13
Tennis,2026-08-17,Monday,0,17,1,4,Outdoor,Yes,932.72
Football,2026-08-12,Wednesday,0,17,3,15,Indoor,No,4153.82
Pickleball,2026-07-27,Monday,0,21,1,2,Outdoor,No,483.01
Badminton,2026-07-19,Sunday,1,6,3,4,Indoor,Yes,1561.15
Tennis,2026-06-25,Thursday,0,18,3,2,Outdoor,No,2660.82
Badminton,2026-07-08,Wednesday,0,10,2,4,Outdoor,No,860.76
Tennis,2026-08-18,Tuesday,0,17,3,3,Outdoor,Yes,2574.97
Football,2026-09-03,Thursday,0,21,1,11,Outdoor,No,1441.28
Badminton,2026-09-06,Sunday,1,17,3,3,Indoor,Yes,2044.41
Basketball,2026-07-24,Friday,0,19,3,5,Indoor,Yes,2685.67
Tennis,2026-08-15,Saturday,1,16,3,4,Indoor,Yes,3612.07
Football,2026-09-14,Monday,0,6,1,8,Outdoor,No,1258.57
Cricket,2026-07-03,Friday,0,14,1,11,Indoor,Yes,1710.29
Basketball,2026-08-13,Thursday,0,18,3,9,Outdoor,Yes,2511.49
Pickleball,2026-09-14,Monday,0,20,2,2,Indoor,No,958.12
Pickleball,2026-06-29,Monday,0,19,3,4,Indoor,Yes,1672.43
Basketball,2026-06-29,Monday,0,17,1,9,Indoor,Yes,933.29
Cricket,2026-07-30,Thursday,0,18,2,16,Outdoor,No,2858.43
Tennis,2026-07-20,Monday,0,21,1,4,Indoor,Yes,1133.91
Tennis,2026-07-31,Friday,0,17,2,3,Indoor,Yes,1965.95
Football,2026-08-15,Saturday,1,6,2,8,Outdoor,Yes,2907.55
Tennis,2026-07-04,Saturday,1,20,2,3,Indoor,No,2152.58
Tennis,2026-09-06,Sunday,1,14,3,3,Outdoor,No,2598.08
Pickleball,2026-08-07,Friday,0,19,3,3,Indoor,No,1419.59
Cricket,2026-07-28,Tuesday,0,8,2,16,Indoor,Yes,2993.37
Badminton,2026-08-16,Sunday,1,17,3,4,Indoor,No,1893.59
Pickleball,2026-07-31,Friday,0,8,2,4,Outdoor,Yes,903.65
Tennis,2026-07-17,Friday,0,20,2,3,Indoor,No,1839.99
Pickleball,2026-09-20,Sunday,1,12,2,4,Indoor,Yes,1080.29
Basketball,2026-07-25,Saturday,1,14,1,5,Indoor,Yes,1149.87
Tennis,2026-08-09,Sunday,1,10,1,2,Indoor,No,950.2
Tennis,2026-06-25,Thursday,0,7,2,3,Outdoor,No,1446.89
Tennis,2026-07-30,Thursday,0,21,1,4,Outdoor,No,905.41
Pickleball,2026-09-06,Sunday,1,10,1,4,Outdoor,No,556.56
Tennis,2026-06-29,Monday,0,20,2,3,Indoor,No,1905.31
Cricket,2026-09-22,Tuesday,0,20,2,11,Indoor,Yes,3034.25
Basketball,2026-07-21,Tuesday,0,18,3,4,Outdoor,No,2116.49
Tennis,2026-07-28,Tuesday,0,11,3,3,Indoor,No,2247.46
Football,2026-09-11,Friday,0,16,2,8,Outdoor,No,2353.68
Pickleball,2026-08-17,Monday,0,17,2,3,Outdoor,No,926.92
Pickleball,2026-09-06,Sunday,1,10,3,4,Indoor,Yes,1630.57
Basketball,2026-07-29,Wednesday,0,13,3,7,Outdoor,Yes,2249.93
Pickleball,2026-07-14,Tuesday,0,21,1,2,Outdoor,No,417.19
Pickleball,2026-09-13,Sunday,1,19,3,4,Outdoor,No,1563.64
Badminton,2026-07-27,Monday,0,7,2,2,Indoor,Yes,943.07
Pickleball,2026-07-27,Monday,0,19,3,2,Outdoor,No,1238.38
Badminton,2026-08-10,Monday,0,17,3,4,Outdoor,No,1314.03
Cricket,2026-08-16,Sunday,1,9,2,16,Indoor,Yes,3453.23
Badminton,2026-08-09,Sunday,1,16,3,4,Outdoor,No,1813.85
Cricket,2026-08-12,Wednesday,0,15,2,16,Indoor,Yes,2961.13
Basketball,2026-08-07,Friday,0,19,3,8,Outdoor,Yes,2944.07
Cricket,2026-07-15,Wednesday,0,16,1,11,Outdoor,No,1467.18
Basketball,2026-07-29,Wednesday,0,18,2,7,Outdoor,No,1637.97
Football,2026-07-16,Thursday,0,11,1,8,Indoor,No,1289.96
Basketball,2026-09-22,Tuesday,0,8,1,5,Outdoor,Yes,911.77
Cricket,2026-07-03,Friday,0,19,3,6,Indoor,No,4493.26
Tennis,2026-07-05,Sunday,1,9,2,4,Indoor,Yes,2062.99
Basketball,2026-08-13,Thursday,0,15,1,5,Outdoor,No,836.36
Basketball,2026-07-11,Saturday,1,10,3,10,Indoor,Yes,2907.15
Cricket,2026-09-17,Thursday,0,17,2,13,Outdoor,No,3244.28
Tennis,2026-08-20,Thursday,0,10,3,4,Indoor,No,2260.43
Basketball,2026-09-14,Monday,0,19,3,9,Outdoor,No,2412.42
Football,2026-09-02,Wednesday,0,13,1,13,Outdoor,No,1521.09
Football,2026-07-28,Tuesday,0,10,2,6,Indoor,Yes,2569.56
Badminton,2026-07-31,Friday,0,19,3,2,Outdoor,No,1530.07
Badminton,2026-06-26,Friday,0,19,2,4,Indoor,Yes,1263.47
Tennis,2026-08-11,Tuesday,0,12,2,4,Outdoor,No,1401.07
Pickleball,2026-07-15,Wednesday,0,18,2,2,Outdoor,Yes,1062.86
Football,2026-09-13,Sunday,1,13,3,15,Outdoor,No,4535.04
Basketball,2026-09-01,Tuesday,0,14,2,5,Indoor,Yes,1716.75
Pickleball,2026-08-01,Saturday,1,9,3,3,Outdoor,No,1261.76
Basketball,2026-09-12,Saturday,1,21,1,6,Indoor,Yes,1182.74
Cricket,2026-09-01,Tuesday,0,6,1,7,Outdoor,No,1305.32
Pickleball,2026-08-20,Thursday,0,6,1,2,Indoor,Yes,565.46
Football,2026-07-22,Wednesday,0,16,2,10,Outdoor,No,2489.38
Football,2026-09-22,Tuesday,0,7,2,7,Indoor,Yes,2723.73
Badminton,2026-08-14,Friday,0,8,3,3,Indoor,Yes,1375.22
Badminton,2026-08-12,Wednesday,0,6,1,4,Indoor,No,501.18
Football,2026-07-26,Sunday,1,7,1,13,Indoor,Yes,1945.76
Football,2026-08-13,Thursday,0,15,2,8,Indoor,Yes,2811.36
Badminton,2026-08-25,Tuesday,0,15,1,3,Indoor,Yes,654.88
Cricket,2026-07-25,Saturday,1,19,2,6,Indoor,No,3930.49
Tennis,2026-07-10,Friday,0,18,1,2,Indoor,No,909.9
Basketball,2026-09-09,Wednesday,0,10,2,10,Indoor,Yes,1772.51
Pickleball,2026-08-27,Thursday,0,8,3,4,Outdoor,Yes,1206.46
Cricket,2026-08-09,Sunday,1,10,3,14,Indoor,Yes,5336.09
Football,2026-07-24,Friday,0,16,3,16,Outdoor,No,4196.65
Basketball,2026-07-19,Sunday,1,6,3,7,Outdoor,Yes,2657.61
Badminton,2026-06-30,Tuesday,0,19,3,3,Outdoor,No,1297.37
Pickleball,2026-09-05,Saturday,1,11,3,3,Outdoor,No,1302.65
Badminton,2026-09-09,Wednesday,0,11,1,4,Indoor,No,520.96
Badminton,2026-07-28,Tuesday,0,17,2,2,Outdoor,Yes,1067.46
Cricket,2026-09-12,Saturday,1,17,3,9,Outdoor,Yes,5509.43
Basketball,2026-09-01,Tuesday,0,18,1,8,Outdoor,Yes,1049.28
Tennis,2026-07-31,Friday,0,16,2,4,Outdoor,Yes,1602.86
Cricket,2026-08-30,Sunday,1,8,1,8,Indoor,Yes,1990.06
Pickleball,2026-07-08,Wednesday,0,21,1,2,Indoor,No,465.82
Basketball,2026-08-26,Wednesday,0,19,3,9,Outdoor,Yes,2582.31
Badminton,2026-07-23,Thursday,0,8,1,2,Outdoor,Yes,534.74
Football,2026-09-14,Monday,0,7,2,14,Outdoor,No,2434.83
Basketball,2026-07-02,Thursday,0,14,3,4,Indoor,No,2154.28
Cricket,2026-07-22,Wednesday,0,21,1,7,Indoor,No,1664.9
Pickleball,2026-07-19,Sunday,1,19,3,2,Indoor,No,1680.81
Basketball,2026-07-08,Wednesday,0,17,3,7,Outdoor,Yes,2707.18
Pickleball,2026-07-18,Saturday,1,18,3,3,Indoor,No,1661.29
Badminton,2026-08-04,Tuesday,0,16,2,3,Outdoor,No,815.75
Tennis,2026-07-25,Saturday,1,12,2,4,Outdoor,No,1684.36
Football,2026-08-21,Friday,0,18,1,6,Outdoor,Yes,1646.53
Tennis,2026-07-12,Sunday,1,15,1,3,Indoor,Yes,1111.96
Badminton,2026-06-27,Saturday,1,14,3,4,Indoor,Yes,1894.45
Cricket,2026-08-22,Saturday,1,17,1,8,Outdoor,No,1448.28
Tennis,2026-07-26,Sunday,1,13,2,3,Indoor,No,1903.01
Tennis,2026-07-22,Wednesday,0,8,3,3,Outdoor,Yes,2396.43
Football,2026-09-21,Monday,0,9,3,16,Outdoor,Yes,3818.76
Basketball,2026-09-06,Sunday,1,18,1,10,Indoor,No,1262.56
Badminton,2026-08-19,Wednesday,0,19,1,2,Indoor,No,490.3
Cricket,2026-08-03,Monday,0,21,1,11,Indoor,No,1890.39
Tennis,2026-09-22,Tuesday,0,13,1,2,Outdoor,No,796.55
Tennis,2026-09-06,Sunday,1,21,1,2,Outdoor,No,944.97
Football,2026-07-13,Monday,0,10,2,7,Outdoor,Yes,2408.84
Tennis,2026-08-15,Saturday,1,14,1,3,Outdoor,Yes,1103.51
Pickleball,2026-08-25,Tuesday,0,12,2,3,Indoor,Yes,1106.82
Pickleball,2026-07-04,Saturday,1,14,2,3,Indoor,Yes,1141.24
Basketball,2026-08-16,Sunday,1,19,2,6,Indoor,No,2021.13
Badminton,2026-09-09,Wednesday,0,6,2,2,Outdoor,No,786.47
Tennis,2026-07-13,Monday,0,20,1,2,Indoor,No,814.07
Pickleball,2026-07-05,Sunday,1,9,3,2,Indoor,Yes,1563.59
Badminton,2026-06-26,Friday,0,16,3,2,Outdoor,No,1296.86
Football,2026-06-27,Saturday,1,16,1,14,Indoor,Yes,1814.38
Tennis,2026-08-30,Sunday,1,14,3,3,Indoor,Yes,2940.87
Football,2026-09-07,Monday,0,21,1,10,Indoor,Yes,1765.97
Badminton,2026-07-20,Monday,0,14,1,3,Indoor,Yes,672.21
Football,2026-09-17,Thursday,0,14,3,16,Outdoor,Yes,3572.38
Cricket,2026-08-01,Saturday,1,18,1,12,Indoor,No,2193.95
Football,2026-09-09,Wednesday,0,8,1,9,Outdoor,Yes,1406.7
Cricket,2026-07-26,Sunday,1,20,2,11,Outdoor,No,3526.5
Basketball,2026-07-15,Wednesday,0,6,2,9,Outdoor,No,1534.72
Basketball,2026-08-02,Sunday,1,13,3,6,Indoor,No,2493.87
Football,2026-06-28,Sunday,1,14,1,8,Outdoor,No,1503.73
Basketball,2026-07-12,Sunday,1,8,3,7,Indoor,No,2725.96
Pickleball,2026-09-06,Sunday,1,10,2,3,Outdoor,No,964.69
Tennis,2026-07-11,Saturday,1,12,3,2,Indoor,Yes,2972.7
Badminton,2026-09-21,Monday,0,21,1,3,Indoor,Yes,781.32
Badminton,2026-07-03,Friday,0,9,1,3,Indoor,Yes,591.47
Badminton,2026-08-16,Sunday,1,19,2,3,Outdoor,Yes,1238.25
Pickleball,2026-07-08,Wednesday,0,10,1,2,Outdoor,Yes,510.18
Tennis,2026-07-24,Friday,0,13,3,2,Outdoor,Yes,2175.01
Basketball,2026-08-25,Tuesday,0,10,3,10,Outdoor,No,2067.78
Pickleball,2026-08-13,Thursday,0,20,2,2,Indoor,Yes,1190.69
Pickleball,2026-06-29,Monday,0,19,1,3,Outdoor,Yes,664.16
Basketball,2026-09-18,Friday,0,12,1,4,Indoor,No,738.8
Tennis,2026-08-26,Wednesday,0,16,2,2,Outdoor,No,1330.08
Cricket,2026-09-10,Thursday,0,18,3,11,Outdoor,Yes,4642.71
Tennis,2026-07-08,Wednesday,0,20,2,2,Indoor,No,1712.32
Basketball,2026-06-30,Tuesday,0,18,3,10,Indoor,Yes,2923.72
Badminton,2026-08-20,Thursday,0,18,2,3,Outdoor,Yes,1108.33
Football,2026-08-01,Saturday,1,7,3,14,Indoor,No,4232.56
Basketball,2026-08-21,Friday,0,8,3,8,Indoor,Yes,2672.02
Tennis,2026-09-22,Tuesday,0,10,2,3,Outdoor,No,1578.55
Cricket,2026-07-17,Friday,0,19,3,9,Outdoor,Yes,4300.83
Badminton,2026-08-05,Wednesday,0,11,3,4,Indoor,Yes,1484.64
Cricket,2026-09-23,Wednesday,0,19,3,11,Indoor,No,4860.97
Basketball,2026-08-29,Saturday,1,11,2,8,Outdoor,Yes,1897.33
Pickleball,2026-08-06,Thursday,0,10,1,2,Indoor,Yes,590.44
Football,2026-08-03,Monday,0,15,3,13,Outdoor,Yes,4174.28
Cricket,2026-07-11,Saturday,1,12,1,15,Outdoor,Yes,1894.67
Football,2026-08-27,Thursday,0,19,3,6,Outdoor,Yes,3851.25
Pickleball,2026-09-08,Tuesday,0,20,2,3,Outdoor,Yes,962.19
Tennis,2026-09-09,Wednesday,0,6,1,4,Outdoor,Yes,860.53
Cricket,2026-07-18,Saturday,1,10,1,16,Outdoor,Yes,1936.14
Pickleball,2026-06-29,Monday,0,15,2,2,Indoor,Yes,1092.17
Football,2026-07-17,Friday,0,11,3,10,Indoor,No,3711.05
Basketball,2026-09-07,Monday,0,17,1,4,Outdoor,No,709.4
Badminton,2026-08-12,Wednesday,0,8,2,4,Indoor,No,929.08
Football,2026-07-12,Sunday,1,9,3,10,Outdoor,No,4456.62
Tennis,2026-07-21,Tuesday,0,12,3,2,Indoor,Yes,2832.98
Football,2026-09-21,Monday,0,15,2,15,Outdoor,No,2444.57
Tennis,2026-09-06,Sunday,1,17,1,4,Outdoor,No,863.86
Football,2026-07-18,Saturday,1,13,3,10,Indoor,Yes,5000.83
Cricket,2026-06-28,Sunday,1,19,3,7,Indoor,No,5818.5
Football,2026-06-30,Tuesday,0,16,2,14,Indoor,Yes,3188.0
Basketball,2026-07-20,Monday,0,15,2,10,Indoor,No,1687.11
Badminton,2026-08-28,Friday,0,16,1,2,Outdoor,No,391.38
Football,2026-09-05,Saturday,1,6,1,9,Outdoor,No,1547.98
Basketball,2026-08-25,Tuesday,0,21,1,9,Indoor,No,1063.59
Pickleball,2026-09-13,Sunday,1,19,3,3,Outdoor,No,1676.88
Basketball,2026-07-02,Thursday,0,20,2,8,Outdoor,Yes,1849.63
Pickleball,2026-09-06,Sunday,1,16,2,2,Indoor,No,1067.41
Cricket,2026-08-07,Friday,0,18,3,14,Indoor,No,5194.55
Pickleball,2026-09-09,Wednesday,0,9,2,4,Outdoor,Yes,1039.61
Badminton,2026-08-16,Sunday,1,8,2,2,Outdoor,No,997.37
Badminton,2026-07-22,Wednesday,0,20,2,2,Indoor,No,1001.85
Cricket,2026-07-20,Monday,0,8,2,14,Indoor,No,2965.88
Tennis,2026-07-14,Tuesday,0,12,2,3,Outdoor,No,1528.16
Pickleball,2026-07-07,Tuesday,0,19,3,2,Indoor,Yes,1514.06
Football,2026-08-13,Thursday,0,21,1,6,Outdoor,Yes,1548.51
Basketball,2026-09-09,Wednesday,0,8,2,7,Indoor,Yes,1664.76
Tennis,2026-09-17,Thursday,0,15,1,4,Outdoor,Yes,901.55
Badminton,2026-07-20,Monday,0,12,2,3,Outdoor,No,888.28
Basketball,2026-07-10,Friday,0,14,1,5,Outdoor,Yes,885.03
Cricket,2026-09-12,Saturday,1,21,1,9,Outdoor,No,1836.1
Badminton,2026-07-13,Monday,0,15,3,2,Indoor,Yes,1350.06
Badminton,2026-09-11,Friday,0,16,3,3,Indoor,Yes,1768.8
Cricket,2026-08-24,Monday,0,7,1,12,Indoor,Yes,1786.61
Football,2026-08-14,Friday,0,11,3,15,Outdoor,No,4095.51
Badminton,2026-08-06,Thursday,0,12,3,4,Indoor,No,1344.7
Tennis,2026-07-11,Saturday,1,8,3,3,Indoor,No,2833.78
Badminton,2026-09-20,Sunday,1,20,2,2,Indoor,Yes,1384.82
Tennis,2026-07-28,Tuesday,0,17,2,2,Outdoor,No,1762.38
Football,2026-08-26,Wednesday,0,6,1,13,Indoor,No,1476.51
Football,2026-08-23,Sunday,1,11,2,11,Indoor,Yes,3333.89
Football,2026-07-08,Wednesday,0,16,3,16,Indoor,No,4689.53
Tennis,2026-08-23,Sunday,1,18,3,3,Indoor,Yes,3400.45
Tennis,2026-07-15,Wednesday,0,20,2,2,Outdoor,Yes,1712.86
Basketball,2026-09-08,Tuesday,0,19,2,8,Outdoor,Yes,1815.9
Pickleball,2026-09-17,Thursday,0,8,3,4,Outdoor,Yes,1426.32
Tennis,2026-09-09,Wednesday,0,20,2,4,Indoor,No,1708.84
Pickleball,2026-08-03,Monday,0,18,1,4,Indoor,No,534.93
Badminton,2026-08-27,Thursday,0,7,1,2,Indoor,Yes,565.22
Pickleball,2026-09-17,Thursday,0,10,2,4,Outdoor,No,868.08
Tennis,2026-09-06,Sunday,1,20,1,2,Outdoor,No,877.72
Tennis,2026-09-19,Saturday,1,15,2,4,Outdoor,Yes,1816.95
Tennis,2026-06-26,Friday,0,20,2,2,Outdoor,Yes,1799.83
Badminton,2026-09-03,Thursday,0,7,1,4,Outdoor,Yes,656.36
Badminton,2026-06-28,Sunday,1,13,2,4,Outdoor,No,1006.02
Basketball,2026-08-12,Wednesday,0,18,2,7,Indoor,Yes,1855.56
Football,2026-07-12,Sunday,1,12,3,12,Outdoor,No,4685.18
Pickleball,2026-07-31,Friday,0,10,1,2,Indoor,Yes,518.65
Pickleball,2026-08-26,Wednesday,0,19,1,2,Indoor,No,417.28
Football,2026-09-22,Tuesday,0,19,3,8,Outdoor,No,4049.15
Tennis,2026-08-21,Friday,0,18,2,2,Indoor,No,1717.65
Tennis,2026-06-25,Thursday,0,19,3,2,Outdoor,No,2267.02
Tennis,2026-09-06,Sunday,1,17,1,2,Outdoor,No,875.7
Cricket,2026-09-07,Monday,0,19,3,7,Indoor,No,4747.44
Football,2026-08-30,Sunday,1,8,3,15,Indoor,Yes,4667.5
Football,2026-09-13,Sunday,1,8,3,16,Outdoor,Yes,4117.39
Badminton,2026-09-01,Tuesday,0,6,2,3,Outdoor,No,868.19
Football,2026-08-09,Sunday,1,15,2,8,Indoor,No,3173.14
Basketball,2026-09-05,Saturday,1,14,1,9,Outdoor,Yes,1098.42
Tennis,2026-07-01,Wednesday,0,15,3,4,Indoor,No,2621.48
Football,2026-07-05,Sunday,1,10,3,7,Outdoor,No,3822.72
Pickleball,2026-09-11,Friday,0,14,2,3,Indoor,Yes,918.46
Tennis,2026-07-17,Friday,0,10,3,3,Outdoor,Yes,2180.55
Badminton,2026-09-22,Tuesday,0,13,2,2,Indoor,No,877.59
Cricket,2026-07-13,Monday,0,10,2,12,Outdoor,Yes,2840.88
Basketball,2026-08-20,Thursday,0,11,1,8,Outdoor,Yes,936.25
Basketball,2026-07-28,Tuesday,0,9,1,5,Outdoor,No,740.31
Football,2026-08-02,Sunday,1,19,3,14,Indoor,No,4910.7
Basketball,2026-09-23,Wednesday,0,18,2,6,Indoor,No,1895.62
Cricket,2026-07-31,Friday,0,20,2,16,Outdoor,Yes,3243.93
Cricket,2026-09-01,Tuesday,0,17,2,15,Outdoor,No,3291.81
Badminton,2026-07-29,Wednesday,0,9,2,4,Outdoor,No,867.48
Basketball,2026-07-25,Saturday,1,12,3,6,Indoor,No,2747.28
Tennis,2026-06-26,Friday,0,6,1,2,Outdoor,Yes,879.06
Tennis,2026-07-08,Wednesday,0,20,2,2,Outdoor,No,1653.25
Pickleball,2026-06-29,Monday,0,6,3,2,Indoor,Yes,1458.14
Tennis,2026-09-14,Monday,0,9,3,2,Indoor,Yes,2656.18
Football,2026-09-17,Thursday,0,11,1,8,Outdoor,No,1264.74
Football,2026-09-17,Thursday,0,8,3,13,Outdoor,No,3727.08
Basketball,2026-09-18,Friday,0,16,2,5,Indoor,No,1496.9
Cricket,2026-08-12,Wednesday,0,18,2,6,Outdoor,No,3107.12
Pickleball,2026-08-20,Thursday,0,8,2,2,Outdoor,Yes,873.07
Basketball,2026-08-26,Wednesday,0,9,1,8,Outdoor,Yes,1052.65
Tennis,2026-09-15,Tuesday,0,9,2,4,Outdoor,Yes,1596.14
Cricket,2026-07-04,Saturday,1,8,3,10,Outdoor,Yes,4269.1
Football,2026-07-14,Tuesday,0,6,1,16,Outdoor,No,1461.15
Pickleball,2026-09-22,Tuesday,0,16,2,4,Indoor,No,849.8
Football,2026-08-19,Wednesday,0,18,3,7,Indoor,Yes,4673.93
Football,2026-09-21,Monday,0,21,1,15,Outdoor,No,1527.74
Basketball,2026-08-02,Sunday,1,18,1,9,Indoor,No,1130.6
Tennis,2026-08-07,Friday,0,8,2,3,Indoor,Yes,1520.57
Tennis,2026-06-30,Tuesday,0,18,3,2,Outdoor,No,2349.46
Cricket,2026-09-13,Sunday,1,17,2,7,Outdoor,Yes,3065.33
Pickleball,2026-06-29,Monday,0,12,1,4,Indoor,No,423.52
Football,2026-07-03,Friday,0,15,2,14,Outdoor,Yes,2770.91
Cricket,2026-08-07,Friday,0,7,2,6,Outdoor,Yes,2774.94
Pickleball,2026-09-16,Wednesday,0,20,2,4,Indoor,Yes,1191.05
Cricket,2026-06-29,Monday,0,10,2,16,Indoor,No,2816.52
Tennis,2026-06-30,Tuesday,0,13,3,4,Indoor,Yes,2502.81
Pickleball,2026-09-13,Sunday,1,7,2,2,Outdoor,Yes,1061.77
Tennis,2026-07-03,Friday,0,9,1,3,Indoor,Yes,879.32
Pickleball,2026-08-18,Tuesday,0,16,3,4,Outdoor,No,1483.77
Cricket,2026-09-20,Sunday,1,10,2,9,Indoor,Yes,3676.88
Badminton,2026-07-03,Friday,0,9,2,2,Outdoor,Yes,937.41
Basketball,2026-08-11,Tuesday,0,11,2,5,Indoor,Yes,1657.67
Cricket,2026-09-13,Sunday,1,18,1,6,Outdoor,Yes,1929.83
Cricket,2026-06-25,Thursday,0,11,1,16,Outdoor,No,1360.12
Basketball,2026-08-24,Monday,0,10,1,5,Outdoor,No,714.25
Football,2026-07-25,Saturday,1,11,3,6,Indoor,No,4273.66
Tennis,2026-07-06,Monday,0,15,2,3,Indoor,Yes,1611.93
Pickleball,2026-07-10,Friday,0,21,1,4,Outdoor,Yes,626.26
Football,2026-09-13,Sunday,1,12,2,6,Indoor,Yes,3494.19
Pickleball,2026-09-20,Sunday,1,20,2,2,Indoor,Yes,1353.81
Cricket,2026-09-15,Tuesday,0,17,2,9,Outdoor,No,2834.42
Badminton,2026-09-11,Friday,0,20,1,2,Indoor,Yes,678.54
